# Copyright (C) 2022  Intel Corporation. All rights reserved.
# Your use of Intel Corporation's design tools, logic functions 
# and other software and tools, and any partner logic 
# functions, and any output files from any of the foregoing 
# (including device programming or simulation files), and any 
# associated documentation or information are expressly subject 
# to the terms and conditions of the Intel Program License 
# Subscription Agreement, the Intel Quartus Prime License Agreement,
# the Intel FPGA IP License Agreement, or other applicable license
# agreement, including, without limitation, that your use is for
# the sole purpose of programming logic devices manufactured by
# Intel and sold by Intel or its authorized distributors.  Please
# refer to the applicable agreement for further details, at
# https://fpgasoftware.intel.com/eula.

# Quartus Prime Version 21.1.1 Build 850 06/23/2022 SJ Lite Edition
# File: C:\Users\91989\Documents\quartus files\ttt_project.csv
# Generated on: Sat Dec 10 18:18:18 2022

# Note: The column header names should not be changed if you wish to import this .csv file into the Quartus Prime software.

To,Direction,Location,I/O Bank,VREF Group,Fitter Location,I/O Standard,Reserved,Current Strength,Slew Rate,Differential Pair,Transceiver Analog Settings Protocol,VCCR_GXB/VCCT_GXB Voltage,Transceiver I/O Pin Termination,Transceiver Dedicated Refclk Pin Termination,Transmitter Common Mode Driver Voltage,Transmitter Slew Rate Control,Transmitter Differential Output Voltage,Receiver Buffer Common Mode Voltage,Strict Preservation
clk,Input,PIN_AF14,3B,B3B_N0,PIN_AF14,2.5 V,,,,,,,,,,,,,
divcntr,Output,PIN_A11,8A,B8A_N0,PIN_A11,2.5 V,,,,,,,,,,,,,
draw,Output,PIN_V16,4A,B4A_N0,PIN_V16,2.5 V,,,,,,,,,,,,,
err,Output,PIN_W19,4A,B4A_N0,PIN_W19,2.5 V,,,,,,,,,,,,,
gnd[1],Output,PIN_AD24,4A,B4A_N0,PIN_AD24,2.5 V,,,,,,,,,,,,,
gnd[0],Output,PIN_AE23,4A,B4A_N0,PIN_AE23,2.5 V,,,,,,,,,,,,,
ja[7],Bidir,PIN_AH22,4A,B4A_N0,PIN_AH22,2.5 V,,,,,,,,,,,,,
ja[6],Bidir,PIN_AF24,4A,B4A_N0,PIN_AF24,2.5 V,,,,,,,,,,,,,
ja[5],Bidir,PIN_AE22,4A,B4A_N0,PIN_AE22,2.5 V,,,,,,,,,,,,,
ja[4],Bidir,PIN_AA20,4A,B4A_N0,PIN_AA20,2.5 V,,,,,,,,,,,,,
ja[3],Bidir,PIN_AG22,4A,B4A_N0,PIN_AG22,2.5 V,,,,,,,,,,,,,
ja[2],Bidir,PIN_AF23,4A,B4A_N0,PIN_AF23,2.5 V,,,,,,,,,,,,,
ja[1],Bidir,PIN_AD21,4A,B4A_N0,PIN_AD21,2.5 V,,,,,,,,,,,,,
ja[0],Bidir,PIN_AC22,4A,B4A_N0,PIN_AC22,2.5 V,,,,,,,,,,,,,
p1_win,Output,PIN_W16,4A,B4A_N0,PIN_W16,2.5 V,,,,,,,,,,,,,
p2_win,Output,PIN_V17,4A,B4A_N0,PIN_V17,2.5 V,,,,,,,,,,,,,
play,Output,PIN_Y21,5A,B5A_N0,PIN_Y21,2.5 V,,,,,,,,,,,,,
reset,Input,PIN_AB12,3A,B3A_N0,PIN_AB12,2.5 V,,,,,,,,,,,,,
seg12[6],Output,PIN_AH28,5A,B5A_N0,PIN_AH28,2.5 V,,,,,,,,,,,,,
seg12[5],Output,PIN_AG28,5A,B5A_N0,PIN_AG28,2.5 V,,,,,,,,,,,,,
seg12[4],Output,PIN_AF28,5A,B5A_N0,PIN_AF28,2.5 V,,,,,,,,,,,,,
seg12[3],Output,PIN_AG27,5A,B5A_N0,PIN_AG27,2.5 V,,,,,,,,,,,,,
seg12[2],Output,PIN_AE28,5A,B5A_N0,PIN_AE28,2.5 V,,,,,,,,,,,,,
seg12[1],Output,PIN_AE27,5A,B5A_N0,PIN_AE27,2.5 V,,,,,,,,,,,,,
seg12[0],Output,PIN_AE26,5A,B5A_N0,PIN_AE26,2.5 V,,,,,,,,,,,,,
segP[6],Output,PIN_AD27,5A,B5A_N0,PIN_AD27,2.5 V,,,,,,,,,,,,,
segP[5],Output,PIN_AF30,5A,B5A_N0,PIN_AF30,2.5 V,,,,,,,,,,,,,
segP[4],Output,PIN_AF29,5A,B5A_N0,PIN_AF29,2.5 V,,,,,,,,,,,,,
segP[3],Output,PIN_AG30,5A,B5A_N0,PIN_AG30,2.5 V,,,,,,,,,,,,,
segP[2],Output,PIN_AH30,5A,B5A_N0,PIN_AH30,2.5 V,,,,,,,,,,,,,
segP[1],Output,PIN_AH29,5A,B5A_N0,PIN_AH29,2.5 V,,,,,,,,,,,,,
segP[0],Output,PIN_AJ29,5A,B5A_N0,PIN_AJ29,2.5 V,,,,,,,,,,,,,
seg_result[6],Output,,,,PIN_C9,,,,,,,,,,,,,,
seg_result[5],Output,,,,PIN_J12,,,,,,,,,,,,,,
seg_result[4],Output,,,,PIN_A8,,,,,,,,,,,,,,
seg_result[3],Output,,,,PIN_A9,,,,,,,,,,,,,,
seg_result[2],Output,,,,PIN_H15,,,,,,,,,,,,,,
seg_result[1],Output,,,,PIN_W22,,,,,,,,,,,,,,
seg_result[0],Output,,,,PIN_AK12,,,,,,,,,,,,,,
segk[6],Output,PIN_AB22,5A,B5A_N0,PIN_AB22,2.5 V,,,,,,,,,,,,,
segk[5],Output,PIN_AB25,5A,B5A_N0,PIN_AB25,2.5 V,,,,,,,,,,,,,
segk[4],Output,PIN_AB28,5B,B5B_N0,PIN_AB28,2.5 V,,,,,,,,,,,,,
segk[3],Output,PIN_AC25,5A,B5A_N0,PIN_AC25,2.5 V,,,,,,,,,,,,,
segk[2],Output,PIN_AD25,5A,B5A_N0,PIN_AD25,2.5 V,,,,,,,,,,,,,
segk[1],Output,PIN_AC27,5A,B5A_N0,PIN_AC27,2.5 V,,,,,,,,,,,,,
segk[0],Output,PIN_AD26,5A,B5A_N0,PIN_AD26,2.5 V,,,,,,,,,,,,,
vcc[1],Output,PIN_AB21,4A,B4A_N0,PIN_AB21,2.5 V,,,,,,,,,,,,,
vcc[0],Output,PIN_AC23,4A,B4A_N0,PIN_AC23,2.5 V,,,,,,,,,,,,,
vga_blank,Output,PIN_F10,8A,B8A_N0,PIN_F10,2.5 V,,,,,,,,,,,,,
vga_blue[7],Output,PIN_J14,8A,B8A_N0,PIN_J14,2.5 V,,,,,,,,,,,,,
vga_blue[6],Output,PIN_G15,8A,B8A_N0,PIN_G15,2.5 V,,,,,,,,,,,,,
vga_blue[5],Output,PIN_F15,8A,B8A_N0,PIN_F15,2.5 V,,,,,,,,,,,,,
vga_blue[4],Output,PIN_H14,8A,B8A_N0,PIN_H14,2.5 V,,,,,,,,,,,,,
vga_blue[3],Output,PIN_F14,8A,B8A_N0,PIN_F14,2.5 V,,,,,,,,,,,,,
vga_blue[2],Output,PIN_H13,8A,B8A_N0,PIN_H13,2.5 V,,,,,,,,,,,,,
vga_blue[1],Output,PIN_G13,8A,B8A_N0,PIN_G13,2.5 V,,,,,,,,,,,,,
vga_blue[0],Output,PIN_B13,8A,B8A_N0,PIN_B13,2.5 V,,,,,,,,,,,,,
vga_c_sync,Output,PIN_C10,8A,B8A_N0,PIN_C10,2.5 V,,,,,,,,,,,,,
vga_color_data[7],Output,,,,PIN_AH3,,,,,,,,,,,,,,
vga_color_data[6],Output,,,,PIN_AF26,,,,,,,,,,,,,,
vga_color_data[5],Output,,,,PIN_W24,,,,,,,,,,,,,,
vga_color_data[4],Output,,,,PIN_AD10,,,,,,,,,,,,,,
vga_color_data[3],Output,,,,PIN_AH2,,,,,,,,,,,,,,
vga_color_data[2],Output,,,,PIN_G7,,,,,,,,,,,,,,
vga_color_data[1],Output,,,,PIN_AG12,,,,,,,,,,,,,,
vga_color_data[0],Output,,,,PIN_AK28,,,,,,,,,,,,,,
vga_data_enable,Output,,,,PIN_D10,,,,,,,,,,,,,,
vga_green[7],Output,PIN_E11,8A,B8A_N0,PIN_E11,2.5 V,,,,,,,,,,,,,
vga_green[6],Output,PIN_F11,8A,B8A_N0,PIN_F11,2.5 V,,,,,,,,,,,,,
vga_green[5],Output,PIN_G12,8A,B8A_N0,PIN_G12,2.5 V,,,,,,,,,,,,,
vga_green[4],Output,PIN_G11,8A,B8A_N0,PIN_G11,2.5 V,,,,,,,,,,,,,
vga_green[3],Output,PIN_G10,8A,B8A_N0,PIN_G10,2.5 V,,,,,,,,,,,,,
vga_green[2],Output,PIN_H12,8A,B8A_N0,PIN_H12,2.5 V,,,,,,,,,,,,,
vga_green[1],Output,PIN_J10,8A,B8A_N0,PIN_J10,2.5 V,,,,,,,,,,,,,
vga_green[0],Output,PIN_J9,8A,B8A_N0,PIN_J9,2.5 V,,,,,,,,,,,,,
vga_h_sync,Output,PIN_B11,8A,B8A_N0,PIN_B11,2.5 V,,,,,,,,,,,,,
vga_red[7],Output,PIN_F13,8A,B8A_N0,PIN_F13,2.5 V,,,,,,,,,,,,,
vga_red[6],Output,PIN_E12,8A,B8A_N0,PIN_E12,2.5 V,,,,,,,,,,,,,
vga_red[5],Output,PIN_D12,8A,B8A_N0,PIN_D12,2.5 V,,,,,,,,,,,,,
vga_red[4],Output,PIN_C12,8A,B8A_N0,PIN_C12,2.5 V,,,,,,,,,,,,,
vga_red[3],Output,PIN_B12,8A,B8A_N0,PIN_B12,2.5 V,,,,,,,,,,,,,
vga_red[2],Output,PIN_E13,8A,B8A_N0,PIN_E13,2.5 V,,,,,,,,,,,,,
vga_red[1],Output,PIN_C13,8A,B8A_N0,PIN_C13,2.5 V,,,,,,,,,,,,,
vga_red[0],Output,PIN_A13,8A,B8A_N0,PIN_A13,2.5 V,,,,,,,,,,,,,
vga_v_sync,Output,PIN_D11,8A,B8A_N0,PIN_D11,2.5 V,,,,,,,,,,,,,
